Cancer Type,Correlation
bladder,0.8770224851804268
breast_cancer,0.9141139273269414
cervical,0.891788855698995
head n neck,0.41711610788944165
KIRC,0.8999528511968297
KIRP,0.6054010944617475
LUAD,0.9670152360624807
LUSC,0.9376872766184008
PRAD,0.9155383522530814
STAD,0.9625788984231924
THCA,0.6541235352948476
UCEC,0.5404137592719155
Overall,0.7467320180625061
